[
    {
        "name": "Dragoon Castle",
        "chest_unopened_img": "images/Chest_Closed.png",
        "chest_opened_img": "images/Chest_Open.png",
        "children": [
            {
                "name": "Chest 1",
                "sections": [
                    {
                        "name": "Chest 1",
                        "access_rules": [""],
                        "item_count": 1
                    }
                ],
                "map_locations": [
                    {
                        "map": "DragoonCastle1stFloorRoom1",
                        "x": 710,
                        "y": 100
                    }
                ]
            },

            {
                "name": "Chest 2",
                "sections": [
                    {
                        "name": "Chest 2",
                        "access_rules": [""],
                        "item_count": 1
                    }
                ],
                "map_locations": [
                    {
                        "map": "DragoonCastle1stFloorRoom2",
                        "x": 520,
                        "y": 270
                    }
                ]
            },

            {
                "name": "Chest 3",
                "sections": [
                    {
                        "name": "Chest 3",
                        "access_rules": [""],
                        "item_count": 1
                    }
                ],
                "map_locations": [
                    {
                        "map": "DragoonCastle1stFloorRoom2",
                        "x": 550,
                        "y": 150
                    }
                ]
            },

            {
                "name": "Chest 4",
                "sections": [
                    {
                        "name": "Chest 4",
                        "access_rules": [""],
                        "item_count": 1
                    }
                ],
                "map_locations": [
                    {
                        "map": "DragoonCastle1stFloorRoom3",
                        "x": 760,
                        "y": 700
                    }
                ]
            },

            {
                "name": "Rando Room",
                "sections": [
                    {
                        "name": "Rando Room",
                        "clear_as_group": true,
                        "access_rules": [""],
                        "item_count": 3
                    }
                ],
                "map_locations": [
                    {
                        "map": "DragoonCastle2ndFloor",
                        "x": 350,
                        "y": 480
                    }
                ]
            },
        ]
    }
]