[
    {
        "name": "Eklamata",
        "chest_unopened_img": "images/Chest_Closed.png",
        "chest_opened_img": "images/Chest_Open.png",
        "children": [
            {
                "name": "Smash the wall",
                "sections": [
                    {
                        "name": "Smash the wall",
                        "item_count": 1
                    }
                ],
                "map_locations": [
                    {
                        "map": "EklamataInside",
                        "x": 460,
                        "y": 140
                    }
                ]
            },

            {
                "name": "Drop down the hole",
                "sections": [
                    {
                        "name": "Drop down the hole",
                        "item_count": 1
                    }
                ],
                "map_locations": [
                    {
                        "map": "EklamataInside",
                        "x": 170,
                        "y": 810
                    }
                ]
            },

            {
                "name": "Snowgrass Leaf",
                "sections": [
                    {
                        "name": "Snowgrass Leaf",
                        "item_count": 1
                    }
                ],
                "map_locations": [
                    {
                        "map": "EklamataOutside1",
                        "x": 890,
                        "y": 170
                    }
                ]
            },

            {
                "name": "Outside 1",
                "sections": [
                    {
                        "name": "Outside 1",
                        "access_rules": ["SnowgrassLeaf"],
                        "item_count": 1
                    }
                ],
                "map_locations": [
                    {
                        "map": "EklamataOutside2",
                        "x": 980,
                        "y": 1670
                    }
                ]
            },

            {
                "name": "Outside 2",
                "sections": [
                    {
                        "name": "Outside 2",
                        "access_rules": ["SnowgrassLeaf"],
                        "item_count": 1
                    }
                ],
                "map_locations": [
                    {
                        "map": "EklamataOutside2",
                        "x": 310,
                        "y": 490
                    }
                ]
            },

            {
                "name": "Rando Cave",
                "sections": [
                    {
                        "name": "Rando Cave",
                        "clear_as_group": true,
                        "access_rules": ["SnowgrassLeaf"],
                        "item_count": 3
                    }
                ],
                "map_locations": [
                    {
                        "map": "EklamataOutside2",
                        "x": 980,
                        "y": 1180
                    }
                ]
            },

            {
                "name": "Inside 1",
                "sections": [
                    {
                        "name": "Inside 1",
                        "access_rules": ["SnowgrassLeaf"],
                        "item_count": 1
                    }
                ],
                "map_locations": [
                    {
                        "map": "EklamataInside",
                        "x": 1460,
                        "y": 590
                    }
                ]
            },

            {
                "name": "Inside 2",
                "sections": [
                    {
                        "name": "Inside 2",
                        "access_rules": ["SnowgrassLeaf"],
                        "item_count": 1
                    }
                ],
                "map_locations": [
                    {
                        "map": "EklamataInside",
                        "x": 1220,
                        "y": 390
                    }
                ]
            },

            {
                "name": "Dark Morph",
                "sections": [
                    {
                        "name": "Dark Morph",
                        "access_rules": ["SnowgrassLeaf"],
                        "item_count": 1
                    }
                ],
                "map_locations": [
                    {
                        "map": "EklamataOutside2",
                        "x": 1320,
                        "y": 100
                    }
                ]
            }
        ]
    }
]