[
    {
        "name": "Great Cliff",
        "chest_unopened_img": "images/Chest_Closed.png",
        "chest_opened_img": "images/Chest_Open.png",
        "children": [
            {
                "name": "Cave after climbing vine",
                "sections": [
                    {
                        "name": "Cave after climbing vine",
                        "item_count": 1
                    }
                ],
                "map_locations": [
                    {
                        "map": "GreatCliffInside",
                        "x": 960,
                        "y": 120
                    }
                ]
            },

            {
                "name": "RocSpear",
                "sections": [
                    {
                        "name": "RocSpear",
                        "item_count": 1
                    }
                ],
                "map_locations": [
                    {
                        "map": "GreatCliffInside",
                        "x": 110,
                        "y": 100
                    }
                ]
            },

            {
                "name": "Chest after final drop",
                "sections": [
                    {
                        "name": "Chest after final drop",
                        "item_count": 1
                    }
                ],
                "map_locations": [
                    {
                        "map": "GreatCliffOutside",
                        "x": 1220,
                        "y": 1080
                    }
                ]
            },
            
            {
                "name": "Claw climb after Sharp Claws",
                "sections": [
                    {
                        "name": "Claw climb after Sharp Claws",
                        "access_rules": ["SharpClaws"],
                        "item_count": 1
                    }
                ],
                "map_locations": [
                    {
                        "map": "GreatCliffOutside",
                        "x": 460,
                        "y": 810
                    }
                ]
            },

            {
                "name": "Claw Climb near start",
                "sections": [
                    {
                        "name": "Claw Climb near start",
                        "access_rules": ["SharpClaws"],
                        "item_count": 1
                    }
                ],
                "map_locations": [
                    {
                        "map": "GreatCliffOutside",
                        "x": 2060,
                        "y": 960
                    }
                ]
            },

            {
                "name": "Claw Climb before final drop",
                "sections": [
                    {
                        "name": "Claw Climb before final drop",
                        "access_rules": ["SharpClaws"],
                        "item_count": 1
                    }
                ],
                "map_locations": [
                    {
                        "map": "GreatCliffOutside",
                        "x": 2370,
                        "y": 640
                    }
                ]
            },

            {
                "name": "Cave to left of final drop",
                "sections": [
                    {
                        "name": "Cave to left of final drop",
                        "access_rules": ["SharpClaws"],
                        "item_count": 1
                    }
                ],
                "map_locations": [
                    {
                        "map": "GreatCliffInside",
                        "x": 1790,
                        "y": 430
                    }
                ]
            },
            
            {
                "name": "Dark Twins",
                "sections": [
                    {
                        "name": "Dark Twins",
                        "access_rules": ["SharpClaws"],
                        "item_count": 1
                    }
                ],
                "map_locations": [
                    {
                        "map": "GreatCliffOutside",
                        "x": 2800,
                        "y": 400
                    }
                ]
            }
        ]
    }
]