[
    {
        "name": "Louran",
        "chest_unopened_img": "images/Chest_Closed.png",
        "chest_opened_img": "images/Chest_Open.png",
        "children": [
            {
                "name": "Inn Chest",
                "sections": [
                    {
                        "name": "Inn Chest",
                        "item_count": 1
                    }
                ],
                "map_locations": [
                    {
                        "map": "Louran",
                        "x": 320,
                        "y": 1400
                    }
                ]
            },

            {
                "name": "Red Scarf",
                "sections": [
                    {
                        "name": "Red Scarf",
                        "item_count": 1
                    }
                ],
                "map_locations": [
                    {
                        "map": "Louran",
                        "x": 130,
                        "y": 1170
                    }
                ]
            },

            {
                "name": "Holy Seal",
                "sections": [
                    {
                        "name": "Holy Seal",
                        "item_count": 1
                    }
                ],
                "map_locations": [
                    {
                        "map": "Louran",
                        "x": 1680,
                        "y": 1400
                    }
                ]
            },

            {
                "name": "Light Rod",
                "sections": [
                    {
                        "name": "Light Rod",
                        "item_count": 1
                    }
                ],
                "map_locations": [
                    {
                        "map": "Louran",
                        "x": 1200,
                        "y": 1360
                    }
                ]
            },

            {
                "name": "Storage Chests",
                "sections": [
                    {
                        "name": "Storage Chests",
                        "clear_as_group": true,
                        "item_count": 2
                    }
                ],
                "map_locations": [
                    {
                        "map": "Louran",
                        "x": 740,
                        "y": 1180
                    }
                ]
            },

            {
                "name": "Outside Chest",
                "sections": [
                    {
                        "name": "Outside Chest",
                        "access_rules": ["HolySeal"],
                        "item_count": 1
                    }
                ],
                "map_locations": [
                    {
                        "map": "Louran",
                        "x": 780,
                        "y": 660
                    }
                ]
            },

            {
                "name": "North House 1",
                "sections": [
                    {
                        "name": "North House 1",
                        "access_rules": ["HolySeal"],
                        "item_count": 1
                    }
                ],
                "map_locations": [
                    {
                        "map": "Louran",
                        "x": 620,
                        "y": 620
                    }
                ]
            },

            {
                "name": "North House 2",
                "sections": [
                    {
                        "name": "North House 2",
                        "access_rules": ["HolySeal"],
                        "item_count": 1
                    }
                ],
                "map_locations": [
                    {
                        "map": "Louran",
                        "x": 1110,
                        "y": 150
                    }
                ]
            },

            {
                "name": "Talk to Meilin",
                "sections": [
                    {
                        "name": "Talk to Meilin",
                        "access_rules": ["HolySeal, redscarf"],
                        "item_count": 1
                    }
                ],
                "map_locations": [
                    {
                        "map": "Louran",
                        "x": 860,
                        "y": 250
                    }
                ]
            }
        ]
    }
]