[
    {
        "name": "Neotokio Sewers",
        "chest_unopened_img": "images/Chest_Closed.png",
        "chest_opened_img": "images/Chest_Open.png",
        "children": [
            {
                "name": "Sewer Key",
                "sections": [
                    {
                        "name": "Sewer Key",
                        "access_rules": [""],
                        "item_count": 1
                    }
                ],
                "map_locations": [
                    {
                        "map": "NeotokioSewers1",
                        "x": 890,
                        "y": 420
                    }
                ]
            },

            {
                "name": "Chest after sewer key door",
                "sections": [
                    {
                        "name": "Chest after sewer key door",
                        "access_rules": ["SewerKey"],
                        "item_count": 1
                    }
                ],
                "map_locations": [
                    {
                        "map": "NeotokioSewers1",
                        "x": 880,
                        "y": 70
                    }
                ]
            },

            {
                "name": "Chest 1",
                "sections": [
                    {
                        "name": "Chest 1",
                        "access_rules": ["SewerKey"],
                        "item_count": 1
                    }
                ],
                "map_locations": [
                    {
                        "map": "NeotokioSewers2",
                        "x": 340,
                        "y": 600
                    }
                ]
            },

            {
                "name": "Chest 2",
                "sections": [
                    {
                        "name": "Chest 2",
                        "access_rules": ["SewerKey"],
                        "item_count": 1
                    }
                ],
                "map_locations": [
                    {
                        "map": "NeotokioSewers2",
                        "x": 630,
                        "y": 80
                    }
                ]
            },

            {
                "name": "Chest 3",
                "sections": [
                    {
                        "name": "Chest 3",
                        "access_rules": ["SewerKey"],
                        "item_count": 1
                    }
                ],
                "map_locations": [
                    {
                        "map": "NeotokioSewers3",
                        "x": 90,
                        "y": 410
                    }
                ]
            },

            {
                "name": "Save the girl",
                "sections": [
                    {
                        "name": "Save the girl",
                        "access_rules": ["SewerKey"],
                        "item_count": 1
                    }
                ],
                "map_locations": [
                    {
                        "map": "NeotokioSewers4",
                        "x": 130,
                        "y": 130
                    }
                ]
            }
        ]
    }
]