[
    {
        "name": "Overworld",
        "chest_unopened_img": "images/Chest_Closed.png",
        "chest_opened_img": "images/Chest_Open.png",
        "children": [
            {
                "name": "Norfest Forest",
                "sections": [
                    {
                        "name": "Ring Mail",
                        "item_count": 1
                    },

                    {
                        "name": "Throughout the forest",
                        "clear_as_group": false,
                        "access_rules": ["ProtectBell"],
                        "item_count": 4
                    },

                    {
                        "name": "Storkolm",
                        "clear_as_group": true,
                        "access_rules": ["ProtectBell, DogWhistle"],
                        "item_count": 2
                    }
                ],
                "map_locations": [
                    {
                        "map": "Overworld",
                        "x": 600,
                        "y": 1040
                    }
                ]
            },

            {
                "name": "Sylvain Castle",
                "sections": [
                    {
                        "name": "Dungeon (Without Tower Key)",
                        "clear_as_group": false,
                        "item_count": 8
                    },

                    {
                        "name": "Dungeon (With Tower Key)",
                        "access_rules": ["TowerKey"],
                        "item_count": 3
                    },
                    
                    {
                        "name": "Bloody Mary",
                        "access_rules": ["Ruby, Topaz, Sapphire, BlackOpal"],
                        "capture_item": true,
                        "item_count": 1
                    }
                ],
                "map_locations": [
                    {
                        "map": "Overworld",
                        "x": 470,
                        "y": 1430
                    }
                ]
            },            

            {
                "name": "Louran",
                "sections": [
                    {
                        "name": "Dungeon (Without Holy Seal)",
                        "clear_as_group": false,
                        "item_count": 6
                    },

                    {
                        "name": "Dungeon (With Holy Seal)",
                        "access_rules": ["HolySeal"],
                        "item_count": 3
                    },

                    {
                        "name": "Talk to Meilin",
                        "access_rules": ["HolySeal, redscarf"],
                        "capture_item": true,
                        "item_count": 1
                    }
                ],
                "map_locations": [
                    {
                        "map": "Overworld",
                        "x": 1600,
                        "y": 1230
                    }
                ]
            },

            {
                "name": "Eklamata",
                "sections": [
                    {
                        "name": "Dungeon (Without Snowgrass Leaf)",
                        "clear_as_group": false,
                        "item_count": 3
                    },

                    {
                        "name": "Dungeon (With Snowgrass Leaf)",
                        "access_rules": ["SnowgrassLeaf"],
                        "clear_as_group": false,
                        "item_count": 7
                    },

                    {
                        "name": "Dark Morph",
                        "access_rules": ["SnowgrassLeaf"],
                        "capture_item": true,
                        "item_count": 1
                    }
                ],
                "map_locations": [
                    {
                        "map": "Overworld",
                        "x": 1340,
                        "y": 1560
                    }
                ]
            },

            {
                "name": "Zue",
                "sections": [
                    {
                        "name": "Dungeon (Without Giant Leaves)",
                        "clear_as_group": true,
                        "item_count": 2
                    },

                    {
                        "name": "Dungeon (With Giant Leaves and Sharp Claws)",
                        "clear_as_group": false,
                        "access_rules": ["GiantLeaves, sharpclaws"],
                        "item_count": 8
                    },

                    {
                        "name": "Stormkeeper",
                        "access_rules": ["GiantLeaves, sharpclaws"],
                        "capture_item": true,
                        "item_count": 1
                    }
                ],
                "map_locations": [
                    {
                        "map": "Overworld",
                        "x": 600,
                        "y": 1980
                    }
                ]
            },

            {
                "name": "Beruga's Lab",
                "sections": [
                    {
                        "name": "Dungeon",
                        "clear_as_group": false,
                        "access_rules": ["airplane"],
                        "item_count": 2
                    },

                    {
                        "name": "Security Robot",
                        "access_rules": ["airplane"],
                        "capture_item": true,
                        "item_count": 1
                    }
                ],
                "map_locations": [
                    {
                        "map": "Overworld",
                        "x": 1020,
                        "y": 1310
                    }
                ]
            },

            {
                "name": "Neotokio Sewers",
                "sections": [
                    {
                        "name": "Dungeon",
                        "clear_as_group": false,
                        "access_rules": [""],
                        "item_count": 1
                    },
					{
                        "name": "Dungeon",
                        "clear_as_group": false,
                        "access_rules": ["SewerKey"],
                        "item_count": 4
                    },
                    {
                        "name": "Save the girl",
                        "access_rules": ["SewerKey"],
                        "capture_item": true,
                        "item_count": 1
                    }
                ],
                "map_locations": [
                    {
                        "map": "Overworld",
                        "x": 1850,
                        "y": 1540
                    }
                ]
            },

            {
                "name": "Dragoon Castle",
                "sections": [
                    {
                        "name": "Dungeon (Right)",
                        "clear_as_group": false,
                        "access_rules": [""],
                        "item_count": 4
                    },

                    {
                        "name": "Dungeon (Left)",
                        "clear_as_group": false,
                        "access_rules": [""],
                        "item_count": 3
                    }
                ],
                "map_locations": [
                    {
                        "map": "Overworld",
                        "x": 1540,
                        "y": 1680
                    }
                ]
            },

            {
                "name": "Astarika",
                "sections": [
                    {
                        "name": "Chest",
                        "access_rules": [""],
                        "item_count": 1
                    },

                    {
                        "name": "Spirit Trip",
                        "access_rules": [""],
                        "capture_item": true,
                        "item_count": 1
                    }
                ],
                "map_locations": [
                    {
                        "map": "Overworld",
                        "x": 3150,
                        "y": 2150
                    }
                ]
            },

            {
                "name": "Mermaid Tower",
                "sections": [
                    {
                        "name": "Chest",
                        "access_rules": [""],
                        "item_count": 1
                    },

                    {
                        "name": "Talk to the mermaid",
                        "access_rules": [""],
                        "capture_item": true,
                        "item_count": 1
                    }
                ],
                "map_locations": [
                    {
                        "map": "Overworld",
                        "x": 3990,
                        "y": 2400
                    }
                ]
            },

            {
                "name": "Ra Tree",
                "sections": [
                    {
                        "name": "Dungeon (Without Giant Leaves)",
                        "clear_as_group": false,
                        "access_rules": ["giantleaves"],
                        "item_count": 12
                    },

                    {
                        "name": "Dungeon (With Giant Leaves)",
                        "clear_as_group": false,
                        "access_rules": ["giantleaves"],
                        "item_count": 2
                    },

                    {
                        "name": "Parasite",
                        "access_rules": ["giantleaves, radewdrop"],
                        "capture_item": true,
                        "item_count": 1
                    }
                ],
                "map_locations": [
                    {
                        "map": "Overworld",
                        "x": 3330,
                        "y": 2230
                    }
                ]
            },

            {
                "name": "Great Cliffs",
                "sections": [
                    {
                        "name": "Dungeon (Without Claws)",
                        "clear_as_group": false,
                        "access_rules": [""],
                        "item_count": 3
                    },

                    {
                        "name": "Dungeon (With Claws)",
                        "clear_as_group": false,
                        "access_rules": ["SharpClaws"],
                        "item_count": 4
                    },

                    {
                        "name": "Dark Twins",
                        "access_rules": ["SharpClaws"],
                        "capture_item": true,
                        "item_count": 1
                    }
                ],
                "map_locations": [
                    {
                        "map": "Overworld",
                        "x": 2900,
                        "y": 1380
                    }
                ]
            },

            {
                "name": "Great Lakes",
                "sections": [
                    {
                        "name": "Air Herb",
                        "access_rules": ["engagementring"],
                        "item_count": 1
                    },

                    {
                        "name": "Dungeon",
                        "clear_as_group": false,
                        "access_rules": ["engagementring, GiantLeaves, AirHerb, MagicAnchor"],
                        "item_count": 4
                    },
                    {
                        "name": "Hitoderon",
                        "access_rules": ["engagementring, GiantLeaves, AirHerb, MagicAnchor"],
                        "capture_item": true,
                        "item_count": 1
                    }
                ],
                "map_locations": [
                    {
                        "map": "Overworld",
                        "x": 3170,
                        "y": 1280
                    }
                ]
            },

            {
                "name": "Penginea",
                "sections": [
                    {
                        "name": "Give the penguin a pretty flower",
                        "access_rules": ["Ship"],
                        "capture_item": true,
                        "item_count": 1
                    }
                ],
                "map_locations": [
                    {
                        "map": "Overworld",
                        "x": 3560,
                        "y": 750
                    }
                ]
            }
        ]
    }
]