[
    {
        "name": "Zue",
        "chest_unopened_img": "images/Chest_Closed.png",
        "chest_opened_img": "images/Chest_Open.png",
        "children": [
            {
                "name": "Chests by Rocks",
                "sections": [
                    {
                        "name": "Chests by Rocks",
                        "clear_as_group": true,
                        "item_count": 2
                    }
                ],
                "map_locations": [
                    {
                        "map": "Zue",
                        "x": 980,
                        "y": 1200
                    }
                ]
            },

            {
                "name": "Crawl space",
                "sections": [
                    {
                        "name": "Crawl space",
                        "clear_as_group": true,
                        "access_rules": ["GiantLeaves, sharpclaws"],
                        "item_count": 2
                    }
                ],
                "map_locations": [
                    {
                        "map": "Zue",
                        "x": 960,
                        "y": 70
                    }
                ]
            },

            {
                "name": "Swimming after Giant Leaves",
                "sections": [
                    {
                        "name": "Swimming after Giant Leaves",
                        "access_rules": ["GiantLeaves, sharpclaws"],
                        "item_count": 1
                    }
                ],
                "map_locations": [
                    {
                        "map": "Zue",
                        "x": 250,
                        "y": 520
                    }
                ]
            },

            {
                "name": "Swimming near the start",
                "sections": [
                    {
                        "name": "Swimming near the start",
                        "access_rules": ["GiantLeaves, sharpclaws"],
                        "item_count": 1
                    }
                ],
                "map_locations": [
                    {
                        "map": "Zue",
                        "x": 950,
                        "y": 1740
                    }
                ]
            },

            {
                "name": "Chest north of swimming",
                "sections": [
                    {
                        "name": "Chest north of swimming",
                        "access_rules": ["GiantLeaves, sharpclaws"],
                        "item_count": 1
                    }
                ],
                "map_locations": [
                    {
                        "map": "Zue",
                        "x": 1100,
                        "y": 420
                    }
                ]
            },

            {
                "name": "Crawl space after swimming",
                "sections": [
                    {
                        "name": "Crawl space after swimming",
                        "access_rules": ["GiantLeaves, sharpclaws"],
                        "item_count": 1
                    }
                ],
                "map_locations": [
                    {
                        "map": "Zue",
                        "x": 1320,
                        "y": 600
                    }
                ]
            },

            {
                "name": "Swimming before Storm Keeper",
                "sections": [
                    {
                        "name": "Swimming before Storm Keeper",
                        "access_rules": ["GiantLeaves, sharpclaws"],
                        "item_count": 1
                    }
                ],
                "map_locations": [
                    {
                        "map": "Zue",
                        "x": 1940,
                        "y": 440
                    }
                ]
            },

            {
                "name": "Storm Keeper",
                "sections": [
                    {
                        "name": "Storm Keeper",
                        "access_rules": ["GiantLeaves, sharpclaws"],
                        "item_count": 1
                    }
                ],
                "map_locations": [
                    {
                        "map": "Zue",
                        "x": 1940,
                        "y": 1780
                    }
                ]
            }
        ]
    }
]