﻿{
  "shared_item_grid": {
    "type": "itemgrid",
    "h_alignment": "center",
    "item_margin": "4,4",
    "rows": [
		[ ],
		[ ],
		[ "topaz", "dewdrop", "flippers", "claws", "plane", "", "", "ratree", "rachests" ],
		[ "sapphire", "seal", "scarf", "snowleaf", "starstones", "", "", "greatcliff", "greatcliffchest" ],
		[ "ruby", "sewerkey",  "airherb", "ring", "anchor", "", "", "zue", "zuechest" ],
		[ "blackopal", "bell", "flute", "boots", "flower", "", "", "eklamata", "eklachest" ],
		[ "towerkey", "", "", "", "", "penguina", "airsrock", "louran", "louranchest" ],
		[ "", "mermaidtower", "sylvain", "greatlakes", "berugaslab", "neotokiosewers", "astarika", "norfest", "dragooncastle" ],
		[ "guardchest", "mermaidschest", "sylvainchest", "greatlakeschest", "berugaslabchest", "neotokiochest", "astarikachest", "forestchest", "dragoonchest" ],
		[],
		[]
    ]
  },
  "tracker_default": {
    "type": "container",
    "background": "#000000",
    "width": 400,
    "content": {
      "type": "layout",
      "dropshadow": false,
      "margin": 1,
      "key": "shared_item_grid"
    }
  }
}
