[
    {
        "name": "Ra Tree",
        "chest_unopened_img": "images/Chest_Closed.png",
        "chest_opened_img": "images/Chest_Open.png",
        "children": [
            {
                "name": "Chest 1",
                "sections": [
                    {
                        "name": "Chest 1",
                        "access_rules": ["giantleaves"],
                        "item_count": 1
                    }
                ],
                "map_locations": [
                    {
                        "map": "RaTreeCave1",
                        "x": 730,
                        "y": 120
                    }
                ]
            },

            {
                "name": "Chest 2",
                "sections": [
                    {
                        "name": "Chest 2",
                        "access_rules": ["giantleaves"],
                        "item_count": 1
                    }
                ],
                "map_locations": [
                    {
                        "map": "RaTreeCave1",
                        "x": 330,
                        "y": 90
                    }
                ]
            },

            {
                "name": "Chest 3",
                "sections": [
                    {
                        "name": "Chest 3",
                        "access_rules": ["giantleaves"],
                        "item_count": 1
                    }
                ],
                "map_locations": [
                    {
                        "map": "RaTreeCave1",
                        "x": 70,
                        "y": 70
                    }
                ]
            },

            {
                "name": "Chest 4",
                "sections": [
                    {
                        "name": "Chest 4",
                        "access_rules": ["giantleaves"],
                        "item_count": 1
                    }
                ],
                "map_locations": [
                    {
                        "map": "RaTreeCave1",
                        "x": 40,
                        "y": 460
                    }
                ]
            },

            {
                "name": "Chest 5",
                "sections": [
                    {
                        "name": "Chest 5",
                        "access_rules": ["giantleaves"],
                        "item_count": 1
                    }
                ],
                "map_locations": [
                    {
                        "map": "RaTreeCave1",
                        "x": 440,
                        "y": 490
                    }
                ]
            },

            {
                "name": "Chest 6/7",
                "sections": [
                    {
                        "name": "Chest 6/7",
                        "clear_as_group": true,
                        "access_rules": ["giantleaves"],
                        "item_count": 2
                    }
                ],
                "map_locations": [
                    {
                        "map": "RaTreeCave2",
                        "x": 280,
                        "y": 70
                    }
                ]
            },

            {
                "name": "Chest 8",
                "sections": [
                    {
                        "name": "Chest 8",
                        "access_rules": ["giantleaves"],
                        "item_count": 1
                    }
                ],
                "map_locations": [
                    {
                        "map": "RaTreeCave2",
                        "x": 500,
                        "y": 120
                    }
                ]
            },

            {
                "name": "Chest 9",
                "sections": [
                    {
                        "name": "Chest 9",
                        "access_rules": ["giantleaves"],
                        "item_count": 1
                    }
                ],
                "map_locations": [
                    {
                        "map": "RaTreeCave3",
                        "x": 210,
                        "y": 100
                    }
                ]
            },

            {
                "name": "Chest 10",
                "sections": [
                    {
                        "name": "Chest 10",
                        "access_rules": ["giantleaves"],
                        "item_count": 1
                    }
                ],
                "map_locations": [
                    {
                        "map": "RaTreeCave3",
                        "x": 140,
                        "y": 200
                    }
                ]
            },

            {
                "name": "Chest 11",
                "sections": [
                    {
                        "name": "Chest 11",
                        "access_rules": ["giantleaves"],
                        "item_count": 1
                    }
                ],
                "map_locations": [
                    {
                        "map": "RaTreeCave3",
                        "x": 50,
                        "y": 150
                    }
                ]
            },

            {
                "name": "Giant Leaves",
                "sections": [
                    {
                        "name": "giantleaves",
                        "access_rules": ["giantleaves"],
                        "item_count": 1
                    }
                ],
                "map_locations": [
                    {
                        "map": "RaTreeCave4",
                        "x": 270,
                        "y": 280
                    }
                ]
            },

            {
                "name": "Chest 12",
                "sections": [
                    {
                        "name": "Chest 12",
                        "access_rules": ["giantleaves"],
                        "item_count": 1
                    }
                ],
                "map_locations": [
                    {
                        "map": "RaTreeCave5",
                        "x": 130,
                        "y": 160
                    }
                ]
            },

            {
                "name": "Chest 13",
                "sections": [
                    {
                        "name": "Chest 13",
                        "access_rules": ["giantleaves"],
                        "item_count": 1
                    }
                ],
                "map_locations": [
                    {
                        "map": "RaTreeCave5",
                        "x": 600,
                        "y": 70
                    }
                ]
            },

            {
                "name": "Parasite",
                "sections": [
                    {
                        "name": "Parasite",
                        "access_rules": ["giantleaves, radewdrop"],
                        "item_count": 1
                    }
                ],
                "map_locations": [
                    {
                        "map": "RaTreeCave2",
                        "x": 650,
                        "y": 70
                    }
                ]
            }
        ]
    }
]