[
    {
        "name": "Overworld",
        "img": "images/Maps/Overworld.png"        
    },

    {
        "name": "BerugasLab1F",
        "img": "images/Maps/Berugas Lab/1F.png"
    },

    {
        "name": "BerugasLabB1F",
        "img": "images/Maps/Berugas Lab/B1F.png"
    },

    {
        "name": "BerugasLabB2F",
        "img": "images/Maps/Berugas Lab/B2F.png"
    },

    {
        "name": "BerugasLabB99F",
        "img": "images/Maps/Berugas Lab/B99F.png"
    },

    {
        "name": "DragoonCastle1stFloorRoom1",
        "img": "images/Maps/Dragoon Castle/1stFloorRoom1.png"
    },

    {
        "name": "DragoonCastle1stFloorRoom2",
        "img": "images/Maps/Dragoon Castle/1stFloorRoom2.png"
    },

    {
        "name": "DragoonCastle1stFloorRoom3",
        "img": "images/Maps/Dragoon Castle/1stFloorRoom3.png"
    },

    {
        "name": "DragoonCastle2ndFloor",
        "img": "images/Maps/Dragoon Castle/2ndFloor.png"
    },

    {
        "name": "EklamataOutside1",
        "img": "images/Maps/Eklamata/Outside1.png"
    },

    {
        "name": "EklamataOutside2",
        "img": "images/Maps/Eklamata/Outside2.png"
    },

    {
        "name": "EklamataInside",
        "img": "images/Maps/Eklamata/Inside.png"
    },

    {
        "name": "GreatCliffOutside",
        "img": "images/Maps/Great Cliff/Outside.png"
    },

    {
        "name": "GreatCliffInside",
        "img": "images/Maps/Great Cliff/Inside.png"
    },

    {
        "name": "GreatLakesCave1",
        "img": "images/Maps/Great Lakes/Cave1.png"
    },

    {
        "name": "GreatLakesCave2",
        "img": "images/Maps/Great Lakes/Cave2.png"
    },

    {
        "name": "GreatLakesCave3",
        "img": "images/Maps/Great Lakes/Cave3.png"
    },

    {
        "name": "GreatLakesCave4",
        "img": "images/Maps/Great Lakes/Cave4.png"
    },

    {
        "name": "Louran",
        "img": "images/Maps/Louran/Louran.png"
    },

    {
        "name": "NeotokioSewers1",
        "img": "images/Maps/Neo Tokio/Sewers1.png"
    },

    {
        "name": "NeotokioSewers2",
        "img": "images/Maps/Neo Tokio/Sewers2.png"
    },

    {
        "name": "NeotokioSewers3",
        "img": "images/Maps/Neo Tokio/Sewers3.png"
    },

    {
        "name": "NeotokioSewers4",
        "img": "images/Maps/Neo Tokio/Sewers4.png"
    },
	
	{
        "name": "NorfestForest1",
        "img": "images/Maps/Norfest Forest/Norfest1.png"
    },
	
	{
        "name": "NorfestForest2",
        "img": "images/Maps/Norfest Forest/Norfest2.png"
    },
	
	{
        "name": "NorfestForest3",
        "img": "images/Maps/Norfest Forest/Norfest3.png"
    },
	
	{
        "name": "NorfestForest4",
        "img": "images/Maps/Norfest Forest/Norfest4.png"
    },
	
	{
        "name": "NorfestForest5",
        "img": "images/Maps/Norfest Forest/Norfest5.png"
    },
	
	{
        "name": "NorfestForestS",
        "img": "images/Maps/Norfest Forest/Storkolm.png"
    },

    {
        "name": "RaTreeCave1",
        "img": "images/Maps/Ra Tree/Cave1.png"
    },

    {
        "name": "RaTreeCave2",
        "img": "images/Maps/Ra Tree/Cave2.png"
    },

    {
        "name": "RaTreeCave3",
        "img": "images/Maps/Ra Tree/Cave3.png"
    },

    {
        "name": "RaTreeCave4",
        "img": "images/Maps/Ra Tree/Cave4.png"
    },

    {
        "name": "RaTreeCave5",
        "img": "images/Maps/Ra Tree/Cave5.png"
    },

    {
        "name": "SylvainCastleCourtyard",
        "img": "images/Maps/Sylvain Castle/Courtyard.png"
    },

    {
        "name": "SylvainCastleEntrance",
        "img": "images/Maps/Sylvain Castle/Entrance.png"
    },

    {
        "name": "SylvainCastleOutside",
        "img": "images/Maps/Sylvain Castle/Outside.png"
    },

    {
        "name": "SylvainCastle1stFloor",
        "img": "images/Maps/Sylvain Castle/1stFloor.png"
    },

    {
        "name": "SylvainCastleBasement",
        "img": "images/Maps/Sylvain Castle/Basement.png"
    },

    {
        "name": "SylvainCastleBackRoom1",
        "img": "images/Maps/Sylvain Castle/BackRoom1.png"
    },

    {
        "name": "SylvainCastleBackRoom2",
        "img": "images/Maps/Sylvain Castle/BackRoom2.png"
    },

    {
        "name": "Zue",
        "img": "images/Maps/Zue/Zue.png"
    }
]